{
  "brand": "ZESTY",
  "name": "Cebrin Billings",
  "jobtitle": "SOFTWARE ENGINEER",
  "greeting": "Hello",
  "whoami": "Who I am & What I do",
  "welcome": "Welcome to my page. Feel free to contact me with any questions!",
  "phone": "123-456-7891",
  "email": "cebrin@byui.edu",
  "facebook": "https://www.facebook.com/cebrin",
  "twitter": "https://twitter.com/cebrinb",
  "linkedin": "https://www.linkedin.com/in/cebrinbillings",
  "instagram": "https://www.youtube.com/watch?v=dQw4w9WgXcQ",

  "aboutme1": "where you live, where you went to school, etc.",
  "aboutme2": "'One time I ran a marathon!' or other interesting tidbits about you",  

  "title1": "Work History",
  "workhistory1": "worked super hard at doing cool stuff and things",

  "title2": "Skills",
  "skills": [
      "JavaScript",
      "HTML/CSS/Bootstrap",
      "Java",
      "C++",
      "Visual Studio",
      "Python",
      "PHP",
      "Node.js",
      "Visual Studio Code"
  ],

  "title3": "Hobbies & Interests",
  "hobbies": [
    "Horseback riding",
    "Hiking",
    "Gardening",
    "Baking",
    "Snorkelling",
    "Reading",
    "Home Renovation"
  ],

  "projects": [
    ["https://www.google.com",
     "../images/project1image.jpg",
     "Project 1",
     "Swift"],

    ["https://www.google.com",
     "../images/project2image.jpg",
     "Project 2",
     "Java"],

    ["https://www.google.com",
     "../images/project3image.jpg",
     "Project 3",
     "HTML, CSS, JavaScript"],

    ["https://www.google.com",
     "../images/project2image.jpg",
     "Project 4",
     "Java"],

    ["https://www.google.com",
     "../images/project2image.jpg",
     "Project 5",
     "Java"],

    ["https://www.google.com",
     "../images/project2image.jpg",
     "Project 6",
     "Java"],

    ["https://www.google.com",
     "../images/project2image.jpg",
     "Project 7",
     "Java"],

    ["https://www.google.com",
     "../images/project2image.jpg",
     "Project 8",
     "Java"],

    ["https://www.google.com",
     "../images/project2image.jpg",
     "Project 9",
     "Java"]

    
  ]
}
